{
  "text": "",
  "parsed": [],
  "hints": [
    {
      "food": {
        "foodId": "food_bwrgmmqau78xrdazxx79obeezumz",
        "label": "Butter, Salted",
        "knownAs": "Butter, salted",
        "nutrients": {
          "ENERC_KCAL": 717,
          "PROCNT": 0.85,
          "FAT": 81.1,
          "CHOCDF": 0.06,
          "FIBTG": 0
        },
        "category": "Generic foods",
        "categoryLabel": "food",
        "image": "https://www.edamam.com/food-img/515/515af390107678fce1533a31ee4cc35b.jpeg"
      },
      "measures": [
        {
          "uri": "http://www.edamam.com/ontologies/edamam.owl#Measure_tablespoon",
          "label": "Tablespoon",
          "weight": 14.2
        },
        {
          "uri": "http://www.edamam.com/ontologies/edamam.owl#Measure_cup",
          "label": "Cup",
          "weight": 227
        },
        {
          "uri": "http://www.edamam.com/ontologies/edamam.owl#Measure_stick",
          "label": "Stick",
          "weight": 113
        },
        {
          "uri": "http://www.edamam.com/ontologies/edamam.owl#Measure_gram",
          "label": "Gram",
          "weight": 1
        },
        {
          "uri": "http://www.edamam.com/ontologies/edamam.owl#Measure_ounce",
          "label": "Ounce",
          "weight": 28.349523125
        },
        {
          "uri": "http://www.edamam.com/ontologies/edamam.owl#Measure_pound",
          "label": "Pound",
          "weight": 453.59237
        },
        {
          "uri": "http://www.edamam.com/ontologies/edamam.owl#Measure_unit",
          "label": "Whole",
          "weight": 113
        },
        {
          "uri": "http://www.edamam.com/ontologies/edamam.owl#Measure_pat",
          "label": "Pat",
          "weight": 5
        },
        {
          "uri": "http://www.edamam.com/ontologies/edamam.owl#Measure_serving",
          "label": "Serving",
          "weight": 14
        },
        {
          "uri": "http://www.edamam.com/ontologies/edamam.owl#Measure_kilogram",
          "label": "Kilogram",
          "weight": 1000
        },
        {
          "uri": "http://www.edamam.com/ontologies/edamam.owl#Measure_default",
          "weight": 0.0136
        }
      ]
    },
    {
      "food": {
        "foodId": "food_blrpqo1bp94h17apq4prgbhcuhex",
        "label": "Butter, Whipped, With Salt",
        "knownAs": "Butter, whipped, with salt",
        "nutrients": {
          "ENERC_KCAL": 731,
          "PROCNT": 0.49,
          "FAT": 78.3,
          "CHOCDF": 0,
          "FIBTG": 0
        },
        "category": "Generic foods",
        "categoryLabel": "food",
        "image": "https://www.edamam.com/food-img/ec6/ec68f0d43ed9b399c8464481f89eb225.jpg"
      },
      "measures": [
        {
          "uri": "http://www.edamam.com/ontologies/edamam.owl#Measure_stick",
          "label": "Stick",
          "weight": 76
        },
        {
          "uri": "http://www.edamam.com/ontologies/edamam.owl#Measure_serving",
          "label": "Serving",
          "weight": 10
        },
        {
          "uri": "http://www.edamam.com/ontologies/edamam.owl#Measure_pat",
          "label": "Pat",
          "weight": 3.8
        },
        {
          "uri": "http://www.edamam.com/ontologies/edamam.owl#Measure_gram",
          "label": "Gram",
          "weight": 1
        },
        {
          "uri": "http://www.edamam.com/ontologies/edamam.owl#Measure_ounce",
          "label": "Ounce",
          "weight": 28.349523125
        },
        {
          "uri": "http://www.edamam.com/ontologies/edamam.owl#Measure_pound",
          "label": "Pound",
          "weight": 453.59237
        },
        {
          "uri": "http://www.edamam.com/ontologies/edamam.owl#Measure_kilogram",
          "label": "Kilogram",
          "weight": 1000
        },
        {
          "uri": "http://www.edamam.com/ontologies/edamam.owl#Measure_tablespoon",
          "label": "Tablespoon",
          "weight": 9.4
        },
        {
          "uri": "http://www.edamam.com/ontologies/edamam.owl#Measure_cup",
          "label": "Cup",
          "weight": 151
        },
        {
          "uri": "http://www.edamam.com/ontologies/edamam.owl#Measure_default",
          "weight": 0.0136
        }
      ]
    },
    {
      "food": {
        "foodId": "food_bzaenytbm02cd4br159f4biv49jc",
        "label": "Butter Oil, Anhydrous",
        "knownAs": "Butter oil, anhydrous",
        "nutrients": {
          "ENERC_KCAL": 876,
          "PROCNT": 0.28,
          "FAT": 99.5,
          "CHOCDF": 0,
          "FIBTG": 0
        },
        "category": "Generic foods",
        "categoryLabel": "food",
        "image": "https://www.edamam.com/food-img/2b5/2b504c036c64481b224c9d74cc4a82e0.jpg"
      },
      "measures": [
        {
          "uri": "http://www.edamam.com/ontologies/edamam.owl#Measure_tablespoon",
          "label": "Tablespoon",
          "weight": 12.8
        },
        {
          "uri": "http://www.edamam.com/ontologies/edamam.owl#Measure_cup",
          "label": "Cup",
          "weight": 205
        },
        {
          "uri": "http://www.edamam.com/ontologies/edamam.owl#Measure_gram",
          "label": "Gram",
          "weight": 1
        },
        {
          "uri": "http://www.edamam.com/ontologies/edamam.owl#Measure_ounce",
          "label": "Ounce",
          "weight": 28.349523125
        },
        {
          "uri": "http://www.edamam.com/ontologies/edamam.owl#Measure_pound",
          "label": "Pound",
          "weight": 453.59237
        },
        {
          "uri": "http://www.edamam.com/ontologies/edamam.owl#Measure_serving",
          "label": "Serving",
          "weight": 13
        },
        {
          "uri": "http://www.edamam.com/ontologies/edamam.owl#Measure_kilogram",
          "label": "Kilogram",
          "weight": 1000
        },
        {
          "uri": "http://www.edamam.com/ontologies/edamam.owl#Measure_default",
          "weight": 0.0136
        }
      ]
    },
    {
      "food": {
        "foodId": "food_aqptx2cauhjjzubmplnjna81ev33",
        "label": "Cheese, Blue",
        "knownAs": "Cheese, blue",
        "nutrients": {
          "ENERC_KCAL": 353,
          "PROCNT": 21.4,
          "FAT": 28.7,
          "CHOCDF": 2.34,
          "FIBTG": 0
        },
        "category": "Generic foods",
        "categoryLabel": "food",
        "image": "https://www.edamam.com/food-img/b44/b442cfc174a1a691dca574c9b7dcb47a.jpg"
      },
      "measures": [
        {
          "uri": "http://www.edamam.com/ontologies/edamam.owl#Measure_cup",
          "label": "Cup",
          "weight": 135,
          "qualified": [
            {
              "qualifiers": [
                {
                  "uri": "http://www.edamam.com/ontologies/edamam.owl#Qualifier_crumbled",
                  "label": "crumbled"
                }
              ],
              "weight": 135
            }
          ]
        },
        {
          "uri": "http://www.edamam.com/ontologies/edamam.owl#Measure_ounce",
          "label": "Ounce",
          "weight": 28.349523125
        },
        {
          "uri": "http://www.edamam.com/ontologies/edamam.owl#Measure_gram",
          "label": "Gram",
          "weight": 1
        },
        {
          "uri": "http://www.edamam.com/ontologies/edamam.owl#Measure_pound",
          "label": "Pound",
          "weight": 453.59237
        },
        {
          "uri": "http://www.edamam.com/ontologies/edamam.owl#Measure_unit",
          "label": "Whole",
          "weight": 28.35
        },
        {
          "uri": "http://www.edamam.com/ontologies/edamam.owl#Measure_slice",
          "label": "Slice",
          "weight": 28.35
        },
        {
          "uri": "http://www.edamam.com/ontologies/edamam.owl#Measure_wedge",
          "label": "Wedge",
          "weight": 28.35
        },
        {
          "uri": "http://www.edamam.com/ontologies/edamam.owl#Measure_piece",
          "label": "Piece",
          "weight": 28.35
        },
        {
          "uri": "http://www.edamam.com/ontologies/edamam.owl#Measure_serving",
          "label": "Serving",
          "weight": 30
        },
        {
          "uri": "http://www.edamam.com/ontologies/edamam.owl#Measure_round",
          "label": "Round",
          "weight": 14.2
        },
        {
          "uri": "http://www.edamam.com/ontologies/edamam.owl#Measure_kilogram",
          "label": "Kilogram",
          "weight": 1000
        },
        {
          "uri": "http://www.edamam.com/ontologies/edamam.owl#Measure_cubic_inch",
          "label": "Cubic inch",
          "weight": 17
        }
      ]
    },
    {
      "food": {
        "foodId": "food_au4tus5b092owgbiu8yama5yupfp",
        "label": "Cheese, Brick",
        "knownAs": "Cheese, brick",
        "nutrients": {
          "ENERC_KCAL": 371,
          "PROCNT": 23.2,
          "FAT": 29.7,
          "CHOCDF": 2.79,
          "FIBTG": 0
        },
        "category": "Generic foods",
        "categoryLabel": "food",
        "image": "https://www.edamam.com/food-img/702/7023ac63ef897bab1f6ea399316748d7.png"
      },
      "measures": [
        {
          "uri": "http://www.edamam.com/ontologies/edamam.owl#Measure_ounce",
          "label": "Ounce",
          "weight": 28.349523125
        },
        {
          "uri": "http://www.edamam.com/ontologies/edamam.owl#Measure_slice",
          "label": "Slice",
          "weight": 28
        },
        {
          "uri": "http://www.edamam.com/ontologies/edamam.owl#Measure_cup",
          "label": "Cup",
          "weight": 132,
          "qualified": [
            {
              "qualifiers": [
                {
                  "uri": "http://www.edamam.com/ontologies/edamam.owl#Qualifier_diced",
                  "label": "diced"
                }
              ],
              "weight": 132
            },
            {
              "qualifiers": [
                {
                  "uri": "http://www.edamam.com/ontologies/edamam.owl#Qualifier_shredded",
                  "label": "shredded"
                }
              ],
              "weight": 113
            }
          ]
        },
        {
          "uri": "http://www.edamam.com/ontologies/edamam.owl#Measure_serving",
          "label": "Serving",
          "weight": 28
        },
        {
          "uri": "http://www.edamam.com/ontologies/edamam.owl#Measure_gram",
          "label": "Gram",
          "weight": 1
        },
        {
          "uri": "http://www.edamam.com/ontologies/edamam.owl#Measure_pound",
          "label": "Pound",
          "weight": 453.59237
        },
        {
          "uri": "http://www.edamam.com/ontologies/edamam.owl#Measure_kilogram",
          "label": "Kilogram",
          "weight": 1000
        },
        {
          "uri": "http://www.edamam.com/ontologies/edamam.owl#Measure_cubic_inch",
          "label": "Cubic inch",
          "weight": 17
        }
      ]
    },
    {
      "food": {
        "foodId": "food_a06hreabh7agoeazgrtiobunge7b",
        "label": "Cheese, Brie",
        "knownAs": "Cheese, brie",
        "nutrients": {
          "ENERC_KCAL": 334,
          "PROCNT": 20.8,
          "FAT": 27.7,
          "CHOCDF": 0.45,
          "FIBTG": 0
        },
        "category": "Generic foods",
        "categoryLabel": "food",
        "image": "https://www.edamam.com/food-img/f53/f5340600239cf508f17b167265c6a1cf.jpg"
      },
      "measures": [
        {
          "uri": "http://www.edamam.com/ontologies/edamam.owl#Measure_ounce",
          "label": "Ounce",
          "weight": 28.349523125
        },
        {
          "uri": "http://www.edamam.com/ontologies/edamam.owl#Measure_unit",
          "label": "Whole",
          "weight": 28.35
        },
        {
          "uri": "http://www.edamam.com/ontologies/edamam.owl#Measure_pound",
          "label": "Pound",
          "weight": 453.59237
        },
        {
          "uri": "http://www.edamam.com/ontologies/edamam.owl#Measure_slice",
          "label": "Slice",
          "weight": 28.35
        },
        {
          "uri": "http://www.edamam.com/ontologies/edamam.owl#Measure_gram",
          "label": "Gram",
          "weight": 1
        },
        {
          "uri": "http://www.edamam.com/ontologies/edamam.owl#Measure_round",
          "label": "Round",
          "weight": 227
        },
        {
          "uri": "http://www.edamam.com/ontologies/edamam.owl#Measure_cup",
          "label": "Cup",
          "weight": 240,
          "qualified": [
            {
              "qualifiers": [
                {
                  "uri": "http://www.edamam.com/ontologies/edamam.owl#Qualifier_melted",
                  "label": "melted"
                }
              ],
              "weight": 240
            },
            {
              "qualifiers": [
                {
                  "uri": "http://www.edamam.com/ontologies/edamam.owl#Qualifier_sliced",
                  "label": "sliced"
                }
              ],
              "weight": 144
            }
          ]
        },
        {
          "uri": "http://www.edamam.com/ontologies/edamam.owl#Measure_package",
          "label": "Package",
          "weight": 128
        },
        {
          "uri": "http://www.edamam.com/ontologies/edamam.owl#Measure_piece",
          "label": "Piece",
          "weight": 28.35
        },
        {
          "uri": "http://www.edamam.com/ontologies/edamam.owl#Measure_serving",
          "label": "Serving",
          "weight": 28
        },
        {
          "uri": "http://www.edamam.com/ontologies/edamam.owl#Measure_kilogram",
          "label": "Kilogram",
          "weight": 1000
        },
        {
          "uri": "http://www.edamam.com/ontologies/edamam.owl#Measure_cubic_inch",
          "label": "Cubic inch",
          "weight": 17
        }
      ]
    },
    {
      "food": {
        "foodId": "food_bq1kaa2anb8wmsaj3in43bxxsjyh",
        "label": "Cheese, Camembert",
        "knownAs": "Cheese, camembert",
        "nutrients": {
          "ENERC_KCAL": 300,
          "PROCNT": 19.8,
          "FAT": 24.3,
          "CHOCDF": 0.46,
          "FIBTG": 0
        },
        "category": "Generic foods",
        "categoryLabel": "food",
        "image": "https://www.edamam.com/food-img/419/419fc950e8f2a589a11d63efb28b8bef.jpg"
      },
      "measures": [
        {
          "uri": "http://www.edamam.com/ontologies/edamam.owl#Measure_ounce",
          "label": "Ounce",
          "weight": 28.349523125
        },
        {
          "uri": "http://www.edamam.com/ontologies/edamam.owl#Measure_gram",
          "label": "Gram",
          "weight": 1
        },
        {
          "uri": "http://www.edamam.com/ontologies/edamam.owl#Measure_unit",
          "label": "Whole",
          "weight": 28.35
        },
        {
          "uri": "http://www.edamam.com/ontologies/edamam.owl#Measure_pound",
          "label": "Pound",
          "weight": 453.59237
        },
        {
          "uri": "http://www.edamam.com/ontologies/edamam.owl#Measure_slice",
          "label": "Slice",
          "weight": 28.35
        },
        {
          "uri": "http://www.edamam.com/ontologies/edamam.owl#Measure_cup",
          "label": "Cup",
          "weight": 246
        },
        {
          "uri": "http://www.edamam.com/ontologies/edamam.owl#Measure_wedge",
          "label": "Wedge",
          "weight": 38
        },
        {
          "uri": "http://www.edamam.com/ontologies/edamam.owl#Measure_piece",
          "label": "Piece",
          "weight": 28.35
        },
        {
          "uri": "http://www.edamam.com/ontologies/edamam.owl#Measure_serving",
          "label": "Serving",
          "weight": 28
        },
        {
          "uri": "http://www.edamam.com/ontologies/edamam.owl#Measure_kilogram",
          "label": "Kilogram",
          "weight": 1000
        },
        {
          "uri": "http://www.edamam.com/ontologies/edamam.owl#Measure_cubic_inch",
          "label": "Cubic inch",
          "weight": 17
        }
      ]
    },
    {
      "food": {
        "foodId": "food_a8q8p7tahfewtuajrmgcrbpxtti8",
        "label": "Cheese, Caraway",
        "knownAs": "Cheese, caraway",
        "nutrients": {
          "ENERC_KCAL": 376,
          "PROCNT": 25.2,
          "FAT": 29.2,
          "CHOCDF": 3.06,
          "FIBTG": 0
        },
        "category": "Generic foods",
        "categoryLabel": "food",
        "image": "https://www.edamam.com/food-img/541/541e46e44ba61aec8bcd599df94c0eed.jpg"
      },
      "measures": [
        {
          "uri": "http://www.edamam.com/ontologies/edamam.owl#Measure_serving",
          "label": "Serving",
          "weight": 45
        },
        {
          "uri": "http://www.edamam.com/ontologies/edamam.owl#Measure_gram",
          "label": "Gram",
          "weight": 1
        },
        {
          "uri": "http://www.edamam.com/ontologies/edamam.owl#Measure_ounce",
          "label": "Ounce",
          "weight": 28.349523125
        },
        {
          "uri": "http://www.edamam.com/ontologies/edamam.owl#Measure_pound",
          "label": "Pound",
          "weight": 453.59237
        },
        {
          "uri": "http://www.edamam.com/ontologies/edamam.owl#Measure_kilogram",
          "label": "Kilogram",
          "weight": 1000
        }
      ]
    },
    {
      "food": {
        "foodId": "food_a2b3q33bnje4iual2pba2at89tzi",
        "label": "Cheese, Cheddar (Includes Foods for USDA's Food Distribution Program)",
        "knownAs": "Cheese, cheddar (Includes foods for USDA's Food Distribution Program)",
        "nutrients": {
          "ENERC_KCAL": 403,
          "PROCNT": 22.9,
          "FAT": 33.3,
          "CHOCDF": 3.37,
          "FIBTG": 0
        },
        "category": "Generic foods",
        "categoryLabel": "food"
      },
      "measures": [
        {
          "uri": "http://www.edamam.com/ontologies/edamam.owl#Measure_cup",
          "label": "Cup",
          "weight": 132,
          "qualified": [
            {
              "qualifiers": [
                {
                  "uri": "http://www.edamam.com/ontologies/edamam.owl#Qualifier_diced",
                  "label": "diced"
                }
              ],
              "weight": 132
            },
            {
              "qualifiers": [
                {
                  "uri": "http://www.edamam.com/ontologies/edamam.owl#Qualifier_shredded",
                  "label": "shredded"
                }
              ],
              "weight": 113
            },
            {
              "qualifiers": [
                {
                  "uri": "http://www.edamam.com/ontologies/edamam.owl#Qualifier_melted",
                  "label": "melted"
                }
              ],
              "weight": 244
            }
          ]
        },
        {
          "uri": "http://www.edamam.com/ontologies/edamam.owl#Measure_ounce",
          "label": "Ounce",
          "weight": 28.349523125
        },
        {
          "uri": "http://www.edamam.com/ontologies/edamam.owl#Measure_slice",
          "label": "Slice",
          "weight": 28
        },
        {
          "uri": "http://www.edamam.com/ontologies/edamam.owl#Measure_gram",
          "label": "Gram",
          "weight": 1
        },
        {
          "uri": "http://www.edamam.com/ontologies/edamam.owl#Measure_pound",
          "label": "Pound",
          "weight": 453.59237
        },
        {
          "uri": "http://www.edamam.com/ontologies/edamam.owl#Measure_unit",
          "label": "Whole",
          "weight": 28
        },
        {
          "uri": "http://www.edamam.com/ontologies/edamam.owl#Measure_package",
          "label": "Package",
          "weight": 198
        },
        {
          "uri": "http://www.edamam.com/ontologies/edamam.owl#Measure_block",
          "label": "Block",
          "weight": 28
        },
        {
          "uri": "http://www.edamam.com/ontologies/edamam.owl#Measure_piece",
          "label": "Piece",
          "weight": 28
        },
        {
          "uri": "http://www.edamam.com/ontologies/edamam.owl#Measure_chip",
          "label": "Chip",
          "weight": 10
        },
        {
          "uri": "http://www.edamam.com/ontologies/edamam.owl#Measure_kilogram",
          "label": "Kilogram",
          "weight": 1000
        },
        {
          "uri": "http://www.edamam.com/ontologies/edamam.owl#Measure_serving",
          "label": "Serving",
          "weight": 28
        },
        {
          "uri": "http://www.edamam.com/ontologies/edamam.owl#Measure_cubic_inch",
          "label": "Cubic inch",
          "weight": 17
        }
      ]
    },
    {
      "food": {
        "foodId": "food_b4g9w0dboo05sdaxwu1n9a3b4emv",
        "label": "Cheese, Cheshire",
        "knownAs": "Cheese, cheshire",
        "nutrients": {
          "ENERC_KCAL": 387,
          "PROCNT": 23.4,
          "FAT": 30.6,
          "CHOCDF": 4.78,
          "FIBTG": 0
        },
        "category": "Generic foods",
        "categoryLabel": "food",
        "image": "https://www.edamam.com/food-img/9e4/9e4ffc57473590221cb97ccf5354e42b.jpg"
      },
      "measures": [
        {
          "uri": "http://www.edamam.com/ontologies/edamam.owl#Measure_gram",
          "label": "Gram",
          "weight": 1
        },
        {
          "uri": "http://www.edamam.com/ontologies/edamam.owl#Measure_ounce",
          "label": "Ounce",
          "weight": 28.349523125
        },
        {
          "uri": "http://www.edamam.com/ontologies/edamam.owl#Measure_serving",
          "label": "Serving",
          "weight": 120
        },
        {
          "uri": "http://www.edamam.com/ontologies/edamam.owl#Measure_pound",
          "label": "Pound",
          "weight": 453.59237
        },
        {
          "uri": "http://www.edamam.com/ontologies/edamam.owl#Measure_kilogram",
          "label": "Kilogram",
          "weight": 1000
        }
      ]
    },
    {
      "food": {
        "foodId": "food_a5ylefeb5r30eibjj4mqubdc09z1",
        "label": "Cheese, Colby",
        "knownAs": "Cheese, colby",
        "nutrients": {
          "ENERC_KCAL": 394,
          "PROCNT": 23.8,
          "FAT": 32.1,
          "CHOCDF": 2.57,
          "FIBTG": 0
        },
        "category": "Generic foods",
        "categoryLabel": "food",
        "image": "https://www.edamam.com/food-img/a6a/a6a3cb346882b674c5b5086352644ec5.jpg"
      },
      "measures": [
        {
          "uri": "http://www.edamam.com/ontologies/edamam.owl#Measure_cup",
          "label": "Cup",
          "weight": 132,
          "qualified": [
            {
              "qualifiers": [
                {
                  "uri": "http://www.edamam.com/ontologies/edamam.owl#Qualifier_shredded",
                  "label": "shredded"
                }
              ],
              "weight": 113
            },
            {
              "qualifiers": [
                {
                  "uri": "http://www.edamam.com/ontologies/edamam.owl#Qualifier_diced",
                  "label": "diced"
                }
              ],
              "weight": 132
            }
          ]
        },
        {
          "uri": "http://www.edamam.com/ontologies/edamam.owl#Measure_ounce",
          "label": "Ounce",
          "weight": 28.349523125
        },
        {
          "uri": "http://www.edamam.com/ontologies/edamam.owl#Measure_slice",
          "label": "Slice",
          "weight": 28
        },
        {
          "uri": "http://www.edamam.com/ontologies/edamam.owl#Measure_pound",
          "label": "Pound",
          "weight": 453.59237
        },
        {
          "uri": "http://www.edamam.com/ontologies/edamam.owl#Measure_unit",
          "label": "Whole",
          "weight": 28
        },
        {
          "uri": "http://www.edamam.com/ontologies/edamam.owl#Measure_gram",
          "label": "Gram",
          "weight": 1
        },
        {
          "uri": "http://www.edamam.com/ontologies/edamam.owl#Measure_kilogram",
          "label": "Kilogram",
          "weight": 1000
        },
        {
          "uri": "http://www.edamam.com/ontologies/edamam.owl#Measure_cubic_inch",
          "label": "Cubic inch",
          "weight": 17
        }
      ]
    },
    {
      "food": {
        "foodId": "food_abw09jebwny3g6bb7jvn0bbalare",
        "label": "Cheese, Cottage, Creamed, Large or Small Curd",
        "knownAs": "Cheese, cottage, creamed, large or small curd",
        "nutrients": {
          "ENERC_KCAL": 98,
          "PROCNT": 11.1,
          "FAT": 4.3,
          "CHOCDF": 3.38,
          "FIBTG": 0
        },
        "category": "Generic foods",
        "categoryLabel": "food",
        "image": "https://www.edamam.com/food-img/8ee/8ee7b75071fc907cce2819031a9ae563.jpg"
      },
      "measures": [
        {
          "uri": "http://www.edamam.com/ontologies/edamam.owl#Measure_cup",
          "label": "Cup",
          "weight": 225,
          "qualified": [
            {
              "qualifiers": [
                {
                  "uri": "http://www.edamam.com/ontologies/edamam.owl#Qualifier_large",
                  "label": "large"
                }
              ],
              "weight": 210
            },
            {
              "qualifiers": [
                {
                  "uri": "http://www.edamam.com/ontologies/edamam.owl#Qualifier_small",
                  "label": "small"
                }
              ],
              "weight": 225
            }
          ]
        },
        {
          "uri": "http://www.edamam.com/ontologies/edamam.owl#Measure_ounce",
          "label": "Ounce",
          "weight": 28.349523125
        },
        {
          "uri": "http://www.edamam.com/ontologies/edamam.owl#Measure_gram",
          "label": "Gram",
          "weight": 1
        },
        {
          "uri": "http://www.edamam.com/ontologies/edamam.owl#Measure_tablespoon",
          "label": "Tablespoon",
          "weight": 13.1249999997781
        },
        {
          "uri": "http://www.edamam.com/ontologies/edamam.owl#Measure_pound",
          "label": "Pound",
          "weight": 453.59237
        },
        {
          "uri": "http://www.edamam.com/ontologies/edamam.owl#Measure_kilogram",
          "label": "Kilogram",
          "weight": 1000
        },
        {
          "uri": "http://www.edamam.com/ontologies/edamam.owl#Measure_serving",
          "label": "Serving",
          "weight": 118
        }
      ]
    },
    {
      "food": {
        "foodId": "food_apqi15daozoc8oacpl41rallrou9",
        "label": "Cheese, Cottage, Creamed, With Fruit",
        "knownAs": "Cheese, cottage, creamed, with fruit",
        "nutrients": {
          "ENERC_KCAL": 97,
          "PROCNT": 10.7,
          "FAT": 3.85,
          "CHOCDF": 4.61,
          "FIBTG": 0.2
        },
        "category": "Generic foods",
        "categoryLabel": "food",
        "image": "https://www.edamam.com/food-img/6a3/6a34798287bc5e41e2328a5973695f38.jpg"
      },
      "measures": [
        {
          "uri": "http://www.edamam.com/ontologies/edamam.owl#Measure_gram",
          "label": "Gram",
          "weight": 1
        },
        {
          "uri": "http://www.edamam.com/ontologies/edamam.owl#Measure_ounce",
          "label": "Ounce",
          "weight": 28.349523125
        },
        {
          "uri": "http://www.edamam.com/ontologies/edamam.owl#Measure_pound",
          "label": "Pound",
          "weight": 453.59237
        },
        {
          "uri": "http://www.edamam.com/ontologies/edamam.owl#Measure_kilogram",
          "label": "Kilogram",
          "weight": 1000
        },
        {
          "uri": "http://www.edamam.com/ontologies/edamam.owl#Measure_cup",
          "label": "Cup",
          "weight": 226
        }
      ]
    },
    {
      "food": {
        "foodId": "food_b0nmp6gaermj0aad3mf7iararumu",
        "label": "Cheese, Cottage, Nonfat, Uncreamed, Dry, Large or Small Curd",
        "knownAs": "Cheese, cottage, nonfat, uncreamed, dry, large or small curd",
        "nutrients": {
          "ENERC_KCAL": 72,
          "PROCNT": 10.3,
          "FAT": 0.29,
          "CHOCDF": 6.66,
          "FIBTG": 0
        },
        "category": "Generic foods",
        "categoryLabel": "food",
        "image": "https://www.edamam.com/food-img/f28/f28c23a0ce83d037a5c27401e4ce41e9.jpg"
      },
      "measures": [
        {
          "uri": "http://www.edamam.com/ontologies/edamam.owl#Measure_cup",
          "label": "Cup",
          "weight": 145
        },
        {
          "uri": "http://www.edamam.com/ontologies/edamam.owl#Measure_ounce",
          "label": "Ounce",
          "weight": 28.349523125
        },
        {
          "uri": "http://www.edamam.com/ontologies/edamam.owl#Measure_serving",
          "label": "Serving",
          "weight": 73
        },
        {
          "uri": "http://www.edamam.com/ontologies/edamam.owl#Measure_gram",
          "label": "Gram",
          "weight": 1
        },
        {
          "uri": "http://www.edamam.com/ontologies/edamam.owl#Measure_pound",
          "label": "Pound",
          "weight": 453.59237
        },
        {
          "uri": "http://www.edamam.com/ontologies/edamam.owl#Measure_kilogram",
          "label": "Kilogram",
          "weight": 1000
        },
        {
          "uri": "http://www.edamam.com/ontologies/edamam.owl#Measure_tablespoon",
          "label": "Tablespoon",
          "weight": 9.06249999984678
        }
      ]
    },
    {
      "food": {
        "foodId": "food_a78om83aro60t5a4wpm8hbf3239s",
        "label": "Cheese, Cottage, Lowfat, 2% Milkfat",
        "knownAs": "Cheese, cottage, lowfat, 2% milkfat",
        "nutrients": {
          "ENERC_KCAL": 81,
          "PROCNT": 10.4,
          "FAT": 2.27,
          "CHOCDF": 4.76,
          "FIBTG": 0
        },
        "category": "Generic foods",
        "categoryLabel": "food",
        "image": "https://www.edamam.com/food-img/046/046c46348bde2b7af7da40196a1c942e.jpg"
      },
      "measures": [
        {
          "uri": "http://www.edamam.com/ontologies/edamam.owl#Measure_cup",
          "label": "Cup",
          "weight": 226
        },
        {
          "uri": "http://www.edamam.com/ontologies/edamam.owl#Measure_ounce",
          "label": "Ounce",
          "weight": 28.349523125
        },
        {
          "uri": "http://www.edamam.com/ontologies/edamam.owl#Measure_tablespoon",
          "label": "Tablespoon",
          "weight": 14.1249999997612
        },
        {
          "uri": "http://www.edamam.com/ontologies/edamam.owl#Measure_gram",
          "label": "Gram",
          "weight": 1
        },
        {
          "uri": "http://www.edamam.com/ontologies/edamam.owl#Measure_pound",
          "label": "Pound",
          "weight": 453.59237
        },
        {
          "uri": "http://www.edamam.com/ontologies/edamam.owl#Measure_serving",
          "label": "Serving",
          "weight": 60
        },
        {
          "uri": "http://www.edamam.com/ontologies/edamam.owl#Measure_kilogram",
          "label": "Kilogram",
          "weight": 1000
        }
      ]
    },
    {
      "food": {
        "foodId": "food_bowtx9kb5cpt8yb6qswcga80ycli",
        "label": "Cheese, Cottage, Lowfat, 1% Milkfat",
        "knownAs": "Cheese, cottage, lowfat, 1% milkfat",
        "nutrients": {
          "ENERC_KCAL": 72,
          "PROCNT": 12.4,
          "FAT": 1.02,
          "CHOCDF": 2.72,
          "FIBTG": 0
        },
        "category": "Generic foods",
        "categoryLabel": "food",
        "image": "https://www.edamam.com/food-img/c18/c18b96dafd232cbddb9bbb05c2ab8e3b.jpg"
      },
      "measures": [
        {
          "uri": "http://www.edamam.com/ontologies/edamam.owl#Measure_cup",
          "label": "Cup",
          "weight": 226
        },
        {
          "uri": "http://www.edamam.com/ontologies/edamam.owl#Measure_ounce",
          "label": "Ounce",
          "weight": 28.349523125
        },
        {
          "uri": "http://www.edamam.com/ontologies/edamam.owl#Measure_gram",
          "label": "Gram",
          "weight": 1
        },
        {
          "uri": "http://www.edamam.com/ontologies/edamam.owl#Measure_pound",
          "label": "Pound",
          "weight": 453.59237
        },
        {
          "uri": "http://www.edamam.com/ontologies/edamam.owl#Measure_kilogram",
          "label": "Kilogram",
          "weight": 1000
        },
        {
          "uri": "http://www.edamam.com/ontologies/edamam.owl#Measure_tablespoon",
          "label": "Tablespoon",
          "weight": 14.1249999997612
        }
      ]
    },
    {
      "food": {
        "foodId": "food_a5oa9cnaawyx9uang44bka8467or",
        "label": "Cheese, Cream",
        "knownAs": "Cheese, cream",
        "nutrients": {
          "ENERC_KCAL": 350,
          "PROCNT": 6.15,
          "FAT": 34.4,
          "CHOCDF": 5.52,
          "FIBTG": 0
        },
        "category": "Generic foods",
        "categoryLabel": "food",
        "image": "https://www.edamam.com/food-img/ddd/dddce306e7ee41e8e07dc62e28cab94b.jpg"
      },
      "measures": [
        {
          "uri": "http://www.edamam.com/ontologies/edamam.owl#Measure_ounce",
          "label": "Ounce",
          "weight": 28.349523125
        },
        {
          "uri": "http://www.edamam.com/ontologies/edamam.owl#Measure_cup",
          "label": "Cup",
          "weight": 232
        },
        {
          "uri": "http://www.edamam.com/ontologies/edamam.owl#Measure_unit",
          "label": "Whole",
          "weight": 113.33333333333333,
          "qualified": [
            {
              "qualifiers": [
                {
                  "uri": "http://www.edamam.com/ontologies/edamam.owl#Qualifier_small",
                  "label": "small"
                }
              ],
              "weight": 85
            }
          ]
        },
        {
          "uri": "http://www.edamam.com/ontologies/edamam.owl#Measure_gram",
          "label": "Gram",
          "weight": 1
        },
        {
          "uri": "http://www.edamam.com/ontologies/edamam.owl#Measure_tablespoon",
          "label": "Tablespoon",
          "weight": 14.5,
          "qualified": [
            {
              "qualifiers": [
                {
                  "uri": "http://www.edamam.com/ontologies/edamam.owl#LanguaL_H0358",
                  "label": "AERATED BY WHIPPING"
                }
              ],
              "weight": 10
            }
          ]
        },
        {
          "uri": "http://www.edamam.com/ontologies/edamam.owl#Measure_pound",
          "label": "Pound",
          "weight": 453.59237
        },
        {
          "uri": "http://www.edamam.com/ontologies/edamam.owl#Measure_package",
          "label": "Package",
          "weight": 85,
          "qualified": [
            {
              "qualifiers": [
                {
                  "uri": "http://www.edamam.com/ontologies/edamam.owl#Qualifier_small",
                  "label": "small"
                }
              ],
              "weight": 85
            }
          ]
        },
        {
          "uri": "http://www.edamam.com/ontologies/edamam.owl#Measure_kilogram",
          "label": "Kilogram",
          "weight": 1000
        },
        {
          "uri": "http://www.edamam.com/ontologies/edamam.owl#Measure_serving",
          "label": "Serving",
          "weight": 30
        },
        {
          "uri": "http://www.edamam.com/ontologies/edamam.owl#Measure_slab",
          "label": "Slab",
          "weight": 28.35
        },
        {
          "uri": "http://www.edamam.com/ontologies/edamam.owl#Measure_cubic_inch",
          "label": "Cubic inch",
          "weight": 16
        }
      ]
    },
    {
      "food": {
        "foodId": "food_ax6ocbjas0levpb3nl0n7auzwy0i",
        "label": "Cheese, Edam",
        "knownAs": "Cheese, edam",
        "nutrients": {
          "ENERC_KCAL": 357,
          "PROCNT": 25,
          "FAT": 28.6,
          "CHOCDF": 1.43,
          "FIBTG": 0
        },
        "category": "Generic foods",
        "categoryLabel": "food",
        "image": "https://www.edamam.com/food-img/2df/2dfa711cc6aff6e4d3bfefb4814f4cb4.jpg"
      },
      "measures": [
        {
          "uri": "http://www.edamam.com/ontologies/edamam.owl#Measure_gram",
          "label": "Gram",
          "weight": 1
        },
        {
          "uri": "http://www.edamam.com/ontologies/edamam.owl#Measure_ounce",
          "label": "Ounce",
          "weight": 28.349523125
        },
        {
          "uri": "http://www.edamam.com/ontologies/edamam.owl#Measure_serving",
          "label": "Serving",
          "weight": 60
        },
        {
          "uri": "http://www.edamam.com/ontologies/edamam.owl#Measure_package",
          "label": "Package",
          "weight": 198
        },
        {
          "uri": "http://www.edamam.com/ontologies/edamam.owl#Measure_pound",
          "label": "Pound",
          "weight": 453.59237
        },
        {
          "uri": "http://www.edamam.com/ontologies/edamam.owl#Measure_kilogram",
          "label": "Kilogram",
          "weight": 1000
        }
      ]
    },
    {
      "food": {
        "foodId": "food_ba6vmpsbtteeyabi8t2i8bwzl13d",
        "label": "Cheese, Feta",
        "knownAs": "Cheese, feta",
        "nutrients": {
          "ENERC_KCAL": 265,
          "PROCNT": 14.2,
          "FAT": 21.5,
          "CHOCDF": 3.88,
          "FIBTG": 0
        },
        "category": "Generic foods",
        "categoryLabel": "food",
        "image": "https://www.edamam.com/food-img/37e/37ef3e404b1c02bf4707cb82010732b8.jpg"
      },
      "measures": [
        {
          "uri": "http://www.edamam.com/ontologies/edamam.owl#Measure_cup",
          "label": "Cup",
          "weight": 150,
          "qualified": [
            {
              "qualifiers": [
                {
                  "uri": "http://www.edamam.com/ontologies/edamam.owl#Qualifier_crumbled",
                  "label": "crumbled"
                }
              ],
              "weight": 150
            }
          ]
        },
        {
          "uri": "http://www.edamam.com/ontologies/edamam.owl#Measure_ounce",
          "label": "Ounce",
          "weight": 28.349523125
        },
        {
          "uri": "http://www.edamam.com/ontologies/edamam.owl#Measure_gram",
          "label": "Gram",
          "weight": 1
        },
        {
          "uri": "http://www.edamam.com/ontologies/edamam.owl#Measure_pound",
          "label": "Pound",
          "weight": 453.59237
        },
        {
          "uri": "http://www.edamam.com/ontologies/edamam.owl#Measure_unit",
          "label": "Whole",
          "weight": 28.35
        },
        {
          "uri": "http://www.edamam.com/ontologies/edamam.owl#Measure_slice",
          "label": "Slice",
          "weight": 28.35
        },
        {
          "uri": "http://www.edamam.com/ontologies/edamam.owl#Measure_package",
          "label": "Package",
          "weight": 198
        },
        {
          "uri": "http://www.edamam.com/ontologies/edamam.owl#Measure_cube",
          "label": "Cube",
          "weight": 28
        },
        {
          "uri": "http://www.edamam.com/ontologies/edamam.owl#Measure_piece",
          "label": "Piece",
          "weight": 28
        },
        {
          "uri": "http://www.edamam.com/ontologies/edamam.owl#Measure_kilogram",
          "label": "Kilogram",
          "weight": 1000
        },
        {
          "uri": "http://www.edamam.com/ontologies/edamam.owl#Measure_serving",
          "label": "Serving",
          "weight": 38
        },
        {
          "uri": "http://www.edamam.com/ontologies/edamam.owl#Measure_wedge",
          "label": "Wedge",
          "weight": 38
        },
        {
          "uri": "http://www.edamam.com/ontologies/edamam.owl#Measure_cubic_inch",
          "label": "Cubic inch",
          "weight": 17
        }
      ]
    },
    {
      "food": {
        "foodId": "food_a9n6dlcb168fzqb5qrkp9a7oy4jp",
        "label": "Cheese, Fontina",
        "knownAs": "Cheese, fontina",
        "nutrients": {
          "ENERC_KCAL": 389,
          "PROCNT": 25.6,
          "FAT": 31.1,
          "CHOCDF": 1.55,
          "FIBTG": 0
        },
        "category": "Generic foods",
        "categoryLabel": "food",
        "image": "https://www.edamam.com/food-img/0ac/0acf62d2ccdf71b1c03e13115f6cc002.jpg"
      },
      "measures": [
        {
          "uri": "http://www.edamam.com/ontologies/edamam.owl#Measure_cup",
          "label": "Cup",
          "weight": 132,
          "qualified": [
            {
              "qualifiers": [
                {
                  "uri": "http://www.edamam.com/ontologies/edamam.owl#Qualifier_diced",
                  "label": "diced"
                }
              ],
              "weight": 132
            },
            {
              "qualifiers": [
                {
                  "uri": "http://www.edamam.com/ontologies/edamam.owl#Qualifier_shredded",
                  "label": "shredded"
                }
              ],
              "weight": 108
            }
          ]
        },
        {
          "uri": "http://www.edamam.com/ontologies/edamam.owl#Measure_ounce",
          "label": "Ounce",
          "weight": 28.349523125
        },
        {
          "uri": "http://www.edamam.com/ontologies/edamam.owl#Measure_pound",
          "label": "Pound",
          "weight": 453.59237
        },
        {
          "uri": "http://www.edamam.com/ontologies/edamam.owl#Measure_slice",
          "label": "Slice",
          "weight": 28
        },
        {
          "uri": "http://www.edamam.com/ontologies/edamam.owl#Measure_gram",
          "label": "Gram",
          "weight": 1
        },
        {
          "uri": "http://www.edamam.com/ontologies/edamam.owl#Measure_unit",
          "label": "Whole",
          "weight": 28
        },
        {
          "uri": "http://www.edamam.com/ontologies/edamam.owl#Measure_cube",
          "label": "Cube",
          "weight": 28
        },
        {
          "uri": "http://www.edamam.com/ontologies/edamam.owl#Measure_piece",
          "label": "Piece",
          "weight": 28
        },
        {
          "uri": "http://www.edamam.com/ontologies/edamam.owl#Measure_serving",
          "label": "Serving",
          "weight": 60
        },
        {
          "uri": "http://www.edamam.com/ontologies/edamam.owl#Measure_round",
          "label": "Round",
          "weight": 14.2
        },
        {
          "uri": "http://www.edamam.com/ontologies/edamam.owl#Measure_package",
          "label": "Package",
          "weight": 227
        },
        {
          "uri": "http://www.edamam.com/ontologies/edamam.owl#Measure_kilogram",
          "label": "Kilogram",
          "weight": 1000
        },
        {
          "uri": "http://www.edamam.com/ontologies/edamam.owl#Measure_cubic_inch",
          "label": "Cubic inch",
          "weight": 15
        }
      ]
    }
  ],
  "_links": {
    "next": {
      "title": "Next page",
      "href": "https://api.edamam.com/api/food-database/v2/parser?session=40&app_id=3c0f087d&app_key=f2d9862fe8e8f4cdb0277c168842ea5a&nutrition-type=cooking"
    }
  }
}
